<?xml version="1.0" encoding="UTF-8"?>
<project xmlns="http://maven.apache.org/POM/4.0.0" xmlns:xsi="http://www.w3.org/2001/XMLSchema-instance" xsi:schemaLocation="http://maven.apache.org/POM/4.0.0 http://maven.apache.org/maven-v4_0_0.xsd">
  <modelVersion>4.0.0</modelVersion>
  <groupId>teste.com</groupId>
  <artifactId>teste</artifactId>
  <version>1.0-SNAPSHOT</version>
  <build>
    <plugins>
      <plugin>
        <groupId>org.openjfx</groupId>
        <artifactId>javafx-maven-plugin</artifactId>
        <version>0.0.8</version>
        <configuration>
          <mainClass>teste.com.MainApp</mainClass>
        </configuration>
      </plugin>
      <plugin>
        <artifactId>maven-shade-plugin</artifactId>
        <version>3.4.1</version>
        <executions>
          <execution>
            <phase>package</phase>
            <goals>
              <goal>shade</goal>
            </goals>
            <configuration>
              <transformers>
                <transformer>
                  <mainClass>teste.com.MainApp</mainClass>
                </transformer>
              </transformers>
            </configuration>
          </execution>
        </executions>
      </plugin>
      <plugin>
        <groupId>org.panteleyev</groupId>
        <artifactId>jpackage-maven-plugin</artifactId>
        <version>1.5.0</version>
        <configuration>
          <name>MeuApp</name>
          <mainJar>${project.build.directory}/${project.artifactId}-${project.version}-shaded.jar</mainJar>
          <mainClass>teste.com.MainApp</mainClass>
          <appVersion>1.0.0</appVersion>
        </configuration>
      </plugin>
    </plugins>
  </build>
  <properties>
    <maven.compiler.target>17</maven.compiler.target>
    <maven.compiler.source>17</maven.compiler.source>
    <project.build.sourceEncoding>UTF-8</project.build.sourceEncoding>
    <javafx.version>17.0.12</javafx.version>
    <project.reporting.outputEncoding>UTF-8</project.reporting.outputEncoding>
  </properties>
</project>
